purchase_frequency,avg_order_value,customer_satisfaction,customer_age,customer_gender,net_promoter_score,engagement_level,loyalty_program_membership,age_group,customer_loyalty_score,customer_loyalty_class
1,50,4,28,female,2,low,YES,,76,Loyal
4,125,5,48,female,0,high,NO,46-55,67,Loyal
7,,1,27,male,5,low,YES,26-35,80,Loyal
5,50,1,66,female,9,low,NO,66-70,50,NonLoyal
,125,8,65,male,1,,NO,56-65,61,Loyal
,175,5,22,male,,low,YES,18-25,62,Loyal
,250,2,,,1,medium,NO,46-55,54,NonLoyal
3,175,1,67,female,10,low,NO,66-70,21,NonLoyal
1,225,9,55,male,3,medium,NO,46-55,35,NonLoyal
,150,3,60,female,5,low,YES,56-65,40,NonLoyal
2,150,7,33,female,9,low,YES,26-35,26,NonLoyal
5,200,1,20,male,4,high,YES,18-25,44,NonLoyal
6,50,10,,male,6,low,NO,18-25,66,Loyal
9,125,8,33,male,8,,NO,26-35,40,NonLoyal
7,175,3,67,female,0,low,NO,66-70,59,NonLoyal
8,250,10,21,male,1,,YES,18-25,39,NonLoyal
8,200,6,30,female,4,,YES,26-35,37,NonLoyal
8,25,5,69,male,,,NO,66-70,85,Loyal
,25,9,43,female,9,high,YES,36-45,43,NonLoyal
9,,4,68,male,9,high,YES,66-70,51,NonLoyal
8,150,9,56,,10,high,YES,56-65,16,NonLoyal
1,100,2,,female,2,low,YES,26-35,74,Loyal
2,175,3,61,female,10,high,NO,,18,NonLoyal
6,,4,23,female,5,low,NO,18-25,78,Loyal
8,100,1,66,male,10,high,NO,66-70,35,NonLoyal
2,250,10,23,male,0,high,NO,18-25,45,NonLoyal
7,125,1,38,male,5,medium,NO,36-45,57,NonLoyal
4,75,4,68,female,0,low,YES,,73,Loyal
3,250,1,63,,10,high,YES,56-65,3,NonLoyal
6,175,8,30,male,7,medium,YES,26-35,30,NonLoyal
10,125,,45,male,0,,YES,36-45,72,Loyal
1,250,4,38,female,9,low,NO,36-45,13,NonLoyal
6,,6,,male,1,medium,YES,,95,Loyal
1,200,1,47,,0,high,YES,46-55,56,NonLoyal
,100,10,25,female,3,high,NO,18-25,60,NonLoyal
4,50,10,,female,,medium,YES,26-35,84,Loyal
6,175,10,55,male,7,,NO,46-55,28,NonLoyal
4,100,2,33,male,,medium,YES,26-35,77,Loyal
5,225,2,56,female,6,medium,YES,56-65,24,NonLoyal
6,25,6,20,female,2,medium,YES,18-25,82,Loyal
1,125,6,65,female,6,medium,NO,56-65,41,NonLoyal
8,75,1,39,male,9,low,NO,36-45,51,NonLoyal
7,100,7,33,male,8,medium,NO,26-35,46,NonLoyal
8,100,2,41,male,3,medium,NO,36-45,69,Loyal
1,225,7,57,male,1,,NO,56-65,44,NonLoyal
,,2,55,male,8,high,NO,46-55,64,Loyal
6,250,8,55,female,1,medium,NO,46-55,38,NonLoyal
7,225,10,63,female,6,medium,NO,56-65,18,NonLoyal
,50,1,23,male,9,medium,NO,18-25,59,NonLoyal
2,25,9,,female,5,low,YES,26-35,70,Loyal
,75,2,25,female,6,high,NO,18-25,60,NonLoyal
10,150,2,25,female,6,high,NO,18-25,45,NonLoyal
2,200,9,40,,3,low,NO,36-45,44,NonLoyal
,175,1,25,male,4,,YES,18-25,50,NonLoyal
6,125,3,39,male,,high,NO,36-45,72,Loyal
8,25,,26,female,1,low,NO,26-35,92,Loyal
7,125,3,,male,3,high,NO,18-25,69,Loyal
2,100,5,51,female,1,medium,NO,46-55,69,Loyal
,225,4,50,female,4,medium,NO,46-55,35,NonLoyal
1,200,7,61,female,,low,NO,56-65,49,NonLoyal
6,225,6,37,male,6,,YES,36-45,25,NonLoyal
,125,9,67,male,10,medium,YES,66-70,21,NonLoyal
5,175,9,60,female,,high,YES,56-65,47,NonLoyal
7,175,5,41,female,5,medium,NO,36-45,41,NonLoyal
10,,4,,male,2,medium,YES,,93,Loyal
8,,,45,male,7,low,YES,36-45,69,Loyal
2,100,2,,male,2,low,NO,56-65,79,Loyal
9,,10,46,female,9,medium,NO,46-55,53,NonLoyal
4,125,3,49,male,0,high,YES,46-55,66,Loyal
10,150,7,,female,6,low,YES,36-45,44,NonLoyal
,200,3,,female,4,,NO,56-65,49,NonLoyal
5,250,6,69,male,2,low,NO,66-70,33,NonLoyal
10,250,,22,male,7,medium,NO,18-25,28,NonLoyal
6,250,2,31,male,6,high,NO,26-35,27,NonLoyal
,100,,68,female,,medium,NO,66-70,74,Loyal
8,25,8,27,male,9,medium,YES,26-35,52,NonLoyal
5,50,5,32,female,0,high,YES,26-35,80,Loyal
10,50,9,27,male,7,medium,NO,26-35,60,NonLoyal
4,,,29,female,6,high,YES,26-35,72,Loyal
,175,8,34,male,7,medium,NO,26-35,33,NonLoyal
7,75,9,26,female,4,high,YES,26-35,58,NonLoyal
7,75,1,30,male,4,medium,NO,26-35,73,Loyal
5,225,5,37,female,4,high,YES,36-45,30,NonLoyal
8,,3,56,female,10,medium,YES,56-65,50,NonLoyal
10,175,3,21,female,2,high,NO,18-25,56,NonLoyal
5,175,3,18,male,9,high,NO,,32,NonLoyal
10,,8,68,male,8,medium,NO,66-70,57,NonLoyal
6,200,3,,female,5,low,YES,18-25,42,NonLoyal
3,250,5,28,,10,low,NO,26-35,12,NonLoyal
10,175,3,,male,8,medium,NO,,41,NonLoyal
6,200,2,61,male,1,high,YES,56-65,47,NonLoyal
4,25,2,45,,8,medium,YES,36-45,59,NonLoyal
5,175,,24,female,1,high,NO,18-25,62,Loyal
2,50,6,23,female,8,medium,YES,18-25,52,NonLoyal
9,125,,20,,0,high,NO,18-25,79,Loyal
3,125,7,59,female,8,medium,NO,56-65,33,NonLoyal
3,100,2,47,,4,medium,NO,46-55,63,Loyal
10,75,10,44,male,6,medium,YES,36-45,49,NonLoyal
9,75,8,63,male,3,medium,YES,56-65,59,NonLoyal
8,25,7,50,,1,low,YES,46-55,81,Loyal
9,50,1,44,male,4,medium,NO,36-45,74,Loyal
1,125,10,54,male,1,medium,YES,46-55,56,NonLoyal
8,50,5,32,male,2,high,NO,26-35,80,Loyal
7,250,1,56,male,5,low,NO,56-65,31,NonLoyal
9,175,8,,male,0,low,YES,56-65,63,Loyal
9,25,4,29,male,10,high,NO,26-35,55,NonLoyal
7,225,5,60,male,5,high,NO,56-65,28,NonLoyal
,250,3,,female,4,low,YES,18-25,37,NonLoyal
8,,5,27,female,10,high,YES,26-35,54,NonLoyal
4,150,5,37,,8,medium,NO,36-45,37,NonLoyal
5,250,3,61,female,0,high,NO,56-65,41,NonLoyal
,75,4,37,male,5,high,YES,36-45,58,NonLoyal
6,75,8,35,female,,high,NO,26-35,76,Loyal
7,250,6,32,female,3,low,NO,26-35,35,NonLoyal
10,250,6,56,female,8,medium,YES,56-65,9,NonLoyal
3,50,3,46,,8,low,YES,46-55,53,NonLoyal
5,250,10,19,male,1,low,YES,18-25,39,NonLoyal
,175,5,45,male,8,high,NO,36-45,29,NonLoyal
7,50,2,21,male,0,medium,YES,18-25,89,Loyal
1,175,7,38,,10,medium,YES,36-45,18,NonLoyal
5,25,9,,male,1,medium,NO,56-65,91,Loyal
10,200,3,69,female,,high,YES,66-70,46,NonLoyal
6,150,,61,male,10,low,YES,,27,NonLoyal
8,200,6,55,male,8,high,YES,46-55,17,NonLoyal
6,100,9,59,male,10,medium,NO,56-65,31,NonLoyal
9,100,7,24,male,4,,YES,18-25,59,NonLoyal
,125,7,57,female,1,low,NO,56-65,61,Loyal
5,,9,65,female,9,high,YES,56-65,45,NonLoyal
9,225,5,,female,,high,NO,18-25,56,NonLoyal
5,200,2,44,,2,low,YES,36-45,48,NonLoyal
7,125,10,69,male,3,high,YES,66-70,44,NonLoyal
9,150,7,27,male,4,high,YES,26-35,46,NonLoyal
5,25,,64,female,8,high,YES,56-65,53,NonLoyal
3,50,8,25,female,7,medium,NO,18-25,58,NonLoyal
8,200,6,66,female,9,high,NO,66-70,13,NonLoyal
,150,2,58,male,,low,NO,56-65,67,Loyal
6,100,8,42,female,,high,YES,36-45,66,Loyal
5,,6,59,,,low,YES,56-65,88,Loyal
3,125,6,20,female,,low,NO,18-25,73,Loyal
3,225,,60,,1,medium,YES,56-65,47,NonLoyal
2,225,6,69,female,5,low,YES,66-70,23,NonLoyal
7,225,2,40,male,4,high,NO,36-45,38,NonLoyal
,175,1,66,female,3,high,NO,66-70,45,NonLoyal
3,150,6,61,male,4,low,YES,56-65,42,NonLoyal
9,,4,29,male,7,medium,NO,26-35,72,Loyal
2,,10,40,female,8,high,YES,36-45,53,NonLoyal
2,100,5,45,male,1,high,YES,36-45,66,Loyal
7,100,2,27,female,10,high,NO,,40,NonLoyal
9,50,8,35,,2,medium,YES,26-35,73,Loyal
10,200,6,26,male,,,NO,26-35,59,NonLoyal
2,,7,56,male,0,medium,NO,56-65,91,Loyal
1,,2,23,female,3,high,NO,18-25,87,Loyal
7,50,2,48,,2,medium,NO,,80,Loyal
4,225,1,40,female,5,low,NO,36-45,36,NonLoyal
1,,9,53,female,9,low,YES,46-55,49,NonLoyal
2,100,10,55,female,6,high,NO,,42,NonLoyal
9,25,,58,female,7,medium,YES,56-65,61,Loyal
8,150,4,,male,2,low,YES,46-55,64,Loyal
7,250,3,53,female,2,medium,YES,46-55,34,NonLoyal
10,,7,52,male,9,high,YES,46-55,51,NonLoyal
7,100,6,44,female,4,low,NO,36-45,58,NonLoyal
5,100,9,33,,1,medium,YES,26-35,67,Loyal
5,250,10,30,male,5,high,NO,26-35,24,NonLoyal
3,,6,41,female,,high,NO,36-45,91,Loyal
10,200,6,23,male,,medium,NO,18-25,59,NonLoyal
7,175,9,35,male,4,high,NO,26-35,44,NonLoyal
8,100,7,23,male,7,,NO,18-25,51,NonLoyal
,100,6,37,female,5,low,NO,36-45,55,NonLoyal
7,250,,,female,9,high,NO,,22,NonLoyal
3,125,2,60,male,8,high,NO,56-65,39,NonLoyal
,50,2,39,female,1,,NO,36-45,84,Loyal
2,50,,49,female,,low,NO,46-55,86,Loyal
6,25,2,18,male,10,low,NO,,60,NonLoyal
7,50,8,49,male,5,low,YES,46-55,58,NonLoyal
5,175,8,25,male,5,medium,NO,18-25,43,NonLoyal
9,100,2,,female,2,low,YES,46-55,74,Loyal
3,,5,60,male,,low,NO,56-65,93,Loyal
1,175,5,48,female,8,low,YES,46-55,24,NonLoyal
5,200,,25,female,4,medium,NO,18-25,48,NonLoyal
6,100,3,44,male,0,medium,YES,36-45,74,Loyal
8,200,5,21,,,low,YES,18-25,59,NonLoyal
10,125,6,,male,8,low,YES,18-25,43,NonLoyal
10,175,2,49,female,1,high,NO,46-55,56,NonLoyal
1,200,9,65,male,10,medium,YES,56-65,6,NonLoyal
10,125,,36,female,,high,NO,36-45,74,Loyal
5,175,4,23,female,8,high,YES,18-25,29,NonLoyal
7,25,9,28,,10,low,NO,26-35,51,NonLoyal
9,225,2,37,,2,high,NO,36-45,46,NonLoyal
2,150,6,22,female,2,,NO,18-25,60,NonLoyal
9,150,10,42,,8,low,YES,36-45,27,NonLoyal
9,200,6,39,male,1,medium,YES,,50,NonLoyal
10,150,9,21,female,0,high,NO,18-25,63,Loyal
7,100,,31,male,6,high,YES,,54,NonLoyal
9,25,4,57,male,4,low,YES,56-65,68,Loyal
3,225,7,,female,0,high,NO,36-45,55,NonLoyal
6,225,4,44,male,6,high,NO,36-45,28,NonLoyal
1,175,5,50,female,,high,NO,46-55,57,NonLoyal
10,125,7,35,female,,high,NO,26-35,67,Loyal
,175,3,,male,5,,YES,26-35,49,NonLoyal
1,,4,65,male,,medium,YES,56-65,88,Loyal
4,175,4,65,female,1,high,YES,,47,NonLoyal
3,,9,65,female,,high,YES,56-65,80,Loyal
7,50,2,40,male,8,medium,YES,,54,NonLoyal
2,125,9,65,male,4,medium,YES,56-65,44,NonLoyal
6,,9,32,female,8,medium,NO,26-35,61,Loyal
6,75,2,,male,6,low,NO,,68,Loyal
,100,8,53,female,,high,NO,46-55,67,Loyal
7,125,10,65,female,9,high,YES,56-65,20,NonLoyal
10,,4,49,male,,medium,YES,46-55,91,Loyal
,225,9,68,male,2,high,NO,66-70,33,NonLoyal
4,50,9,55,female,8,,NO,46-55,47,NonLoyal
2,25,8,20,male,7,low,NO,18-25,65,Loyal
10,125,1,47,male,4,medium,NO,46-55,60,NonLoyal
5,225,8,,female,1,medium,YES,36-45,48,NonLoyal
2,75,1,66,male,5,high,NO,66-70,59,NonLoyal
6,175,10,54,male,6,low,YES,46-55,28,NonLoyal
6,250,1,,,0,low,YES,56-65,55,NonLoyal
3,200,4,46,male,,medium,NO,46-55,59,NonLoyal
7,225,10,48,female,3,medium,YES,46-55,29,NonLoyal
5,250,7,52,female,3,high,NO,46-55,28,NonLoyal
7,200,,37,female,6,low,NO,36-45,38,NonLoyal
9,200,1,41,male,0,medium,YES,36-45,57,NonLoyal
3,,5,64,male,9,medium,YES,56-65,53,NonLoyal
8,250,2,59,female,1,medium,NO,56-65,42,NonLoyal
4,175,8,,female,2,low,NO,36-45,58,NonLoyal
6,75,2,51,female,1,low,YES,46-55,73,Loyal
9,150,9,26,female,5,high,YES,26-35,39,NonLoyal
3,75,5,60,female,3,medium,NO,56-65,64,Loyal
9,100,1,53,male,,medium,YES,46-55,74,Loyal
3,25,9,37,male,9,high,NO,36-45,51,NonLoyal
10,25,7,37,male,2,low,NO,36-45,82,Loyal
9,175,10,27,female,0,high,NO,26-35,56,NonLoyal
4,100,7,47,,7,low,NO,46-55,47,NonLoyal
8,250,10,61,male,8,medium,YES,,5,NonLoyal
9,250,9,25,male,6,low,NO,18-25,24,NonLoyal
9,25,6,51,male,1,high,NO,46-55,82,Loyal
10,250,8,28,,9,high,NO,26-35,12,NonLoyal
4,150,6,19,male,1,low,YES,18-25,63,Loyal
1,100,,42,female,3,high,NO,36-45,66,Loyal
8,175,3,24,female,1,low,YES,18-25,58,NonLoyal
5,175,8,49,female,4,medium,YES,46-55,36,NonLoyal
2,200,3,42,male,7,low,NO,36-45,34,NonLoyal
4,50,3,,male,0,high,YES,26-35,90,Loyal
8,125,3,51,male,1,,NO,46-55,67,Loyal
8,225,4,57,female,8,high,YES,,12,NonLoyal
5,50,2,55,male,4,,NO,46-55,71,Loyal
,,6,,female,0,low,YES,46-55,98,Loyal
4,150,7,43,male,3,low,YES,36-45,49,NonLoyal
4,200,3,20,male,4,medium,YES,,44,NonLoyal
1,250,2,25,,7,medium,NO,18-25,27,NonLoyal
4,150,9,64,male,8,high,NO,56-65,26,NonLoyal
4,200,1,61,male,,medium,NO,56-65,57,NonLoyal
5,175,1,60,male,8,medium,NO,56-65,32,NonLoyal
10,,9,,,9,medium,YES,,61,Loyal
8,100,4,24,,0,medium,NO,18-25,82,Loyal
,225,7,54,male,9,low,NO,46-55,14,NonLoyal
1,200,2,21,male,,high,NO,18-25,63,Loyal
,200,,,male,7,high,YES,18-25,37,NonLoyal
6,75,10,21,female,5,medium,YES,18-25,55,NonLoyal
10,200,7,59,female,6,medium,NO,56-65,27,NonLoyal
2,175,6,32,male,3,medium,YES,26-35,47,NonLoyal
4,,5,61,,,low,NO,56-65,92,Loyal
1,100,3,61,female,8,medium,YES,,38,NonLoyal
3,200,3,41,male,0,low,YES,36-45,56,NonLoyal
5,175,,56,male,2,low,YES,56-65,53,NonLoyal
10,200,7,32,female,5,,NO,26-35,36,NonLoyal
9,200,2,19,male,2,,NO,,56,NonLoyal
8,25,4,20,female,0,high,NO,18-25,92,Loyal
7,50,,47,male,4,low,YES,46-55,70,Loyal
6,125,,43,female,10,medium,YES,36-45,32,NonLoyal
6,150,4,60,female,9,low,YES,56-65,24,NonLoyal
4,50,10,45,male,2,medium,NO,36-45,73,Loyal
6,25,9,35,male,3,high,YES,,71,Loyal
10,,3,28,female,6,,YES,26-35,71,Loyal
10,,,52,male,7,low,YES,46-55,68,Loyal
9,200,7,34,male,4,high,NO,26-35,39,NonLoyal
2,250,10,62,female,7,medium,NO,56-65,10,NonLoyal
4,175,9,30,female,7,,YES,26-35,28,NonLoyal
5,150,,59,female,8,low,NO,56-65,36,NonLoyal
4,150,9,,female,7,medium,YES,46-55,38,NonLoyal
1,100,4,49,male,1,high,NO,46-55,72,Loyal
6,150,1,67,,2,medium,YES,66-70,54,NonLoyal
6,,7,56,male,0,,NO,56-65,90,Loyal
4,225,1,63,,2,medium,YES,56-65,40,NonLoyal
10,50,9,19,female,1,medium,NO,,81,Loyal
4,150,8,,male,6,high,NO,26-35,46,NonLoyal
2,225,8,40,male,2,high,YES,36-45,36,NonLoyal
6,100,5,,female,9,medium,NO,66-70,48,NonLoyal
4,225,5,33,male,8,low,YES,26-35,20,NonLoyal
7,25,10,53,female,7,high,YES,46-55,49,NonLoyal
2,225,3,47,male,,high,NO,46-55,51,NonLoyal
3,225,3,64,male,5,low,NO,56-65,31,NonLoyal
1,50,8,32,female,3,high,NO,26-35,69,Loyal
10,125,1,53,female,4,medium,YES,46-55,52,NonLoyal
7,25,1,55,female,9,medium,NO,46-55,56,NonLoyal
6,,,53,female,8,high,NO,46-55,63,Loyal
4,125,2,42,male,,low,NO,36-45,74,Loyal
,250,3,37,male,9,,NO,,16,NonLoyal
7,,7,,female,6,high,NO,18-25,74,Loyal
,100,1,40,male,5,medium,NO,36-45,61,Loyal
,200,8,52,female,,high,NO,46-55,48,NonLoyal
,125,10,45,male,2,low,NO,36-45,58,NonLoyal
6,175,7,50,,10,low,NO,46-55,20,NonLoyal
,150,8,52,male,5,low,NO,,42,NonLoyal
9,200,8,19,male,2,low,YES,18-25,47,NonLoyal
8,200,2,54,male,8,medium,YES,46-55,23,NonLoyal
9,200,10,56,male,10,low,YES,56-65,7,NonLoyal
3,250,10,53,male,1,low,NO,46-55,36,NonLoyal
8,175,,69,female,,low,NO,66-70,61,Loyal
7,25,6,52,male,,low,YES,46-55,84,Loyal
6,75,1,59,male,0,high,NO,,80,Loyal
2,125,,67,female,6,high,YES,66-70,41,NonLoyal
4,75,5,33,male,,high,YES,26-35,77,Loyal
4,50,9,40,,9,low,YES,36-45,44,NonLoyal
7,250,2,37,female,8,medium,NO,36-45,19,NonLoyal
2,75,5,51,female,2,high,YES,46-55,64,Loyal
10,75,,19,female,,high,NO,18-25,87,Loyal
8,,9,57,male,,medium,NO,56-65,90,Loyal
6,150,3,56,male,5,low,NO,56-65,47,NonLoyal
4,150,9,55,male,,low,NO,46-55,62,Loyal
8,250,10,54,male,1,medium,YES,46-55,32,NonLoyal
6,125,4,54,,8,medium,NO,46-55,40,NonLoyal
10,50,8,53,female,5,,YES,46-55,56,NonLoyal
5,100,1,35,female,5,medium,NO,26-35,61,Loyal
9,150,5,38,male,10,low,YES,36-45,27,NonLoyal
7,150,5,29,female,2,low,YES,26-35,56,NonLoyal
2,175,,25,female,,high,NO,18-25,66,Loyal
5,,9,43,,3,medium,YES,36-45,76,Loyal
10,,,45,male,9,low,NO,36-45,65,Loyal
5,50,2,,male,10,low,YES,18-25,55,NonLoyal
3,25,7,25,male,8,low,NO,,61,Loyal
7,200,9,55,male,8,medium,YES,46-55,16,NonLoyal
6,200,6,56,male,3,high,NO,,41,NonLoyal
4,225,9,20,female,6,medium,NO,18-25,27,NonLoyal
9,175,4,48,male,5,low,NO,46-55,42,NonLoyal
10,,2,23,male,6,medium,YES,18-25,75,Loyal
1,100,3,41,male,4,high,NO,36-45,61,Loyal
7,250,4,,female,1,medium,YES,46-55,47,NonLoyal
10,75,1,54,female,0,low,NO,46-55,81,Loyal
9,50,10,52,female,2,low,YES,46-55,65,Loyal
10,75,9,54,male,1,low,NO,46-55,71,Loyal
7,250,4,40,male,9,,YES,36-45,12,NonLoyal
3,225,9,30,female,8,high,YES,26-35,12,NonLoyal
9,100,,29,female,4,medium,YES,26-35,62,Loyal
5,225,3,48,male,2,medium,YES,46-55,41,NonLoyal
1,250,9,47,male,,high,NO,46-55,41,NonLoyal
4,150,1,34,female,6,low,NO,26-35,47,NonLoyal
4,50,2,34,male,8,medium,NO,26-35,59,NonLoyal
10,25,1,41,female,6,high,NO,36-45,68,Loyal
3,225,2,64,male,5,high,YES,,26,NonLoyal
9,25,,58,female,7,high,NO,56-65,62,Loyal
6,125,1,49,male,8,low,NO,46-55,43,NonLoyal
7,25,3,61,female,8,low,NO,56-65,56,NonLoyal
10,150,8,,male,2,high,YES,18-25,58,NonLoyal
10,175,3,,female,7,low,YES,36-45,39,NonLoyal
7,75,1,57,male,,high,NO,56-65,81,Loyal
1,250,5,58,male,5,low,YES,56-65,22,NonLoyal
1,150,5,52,male,10,high,NO,46-55,24,NonLoyal
8,,2,48,female,5,low,NO,46-55,76,Loyal
7,225,7,43,male,6,medium,YES,36-45,23,NonLoyal
4,125,1,29,female,4,low,NO,,60,NonLoyal
1,75,5,51,male,6,high,NO,46-55,55,NonLoyal
7,,6,46,male,5,low,NO,46-55,75,Loyal
9,25,10,46,male,6,high,YES,46-55,58,NonLoyal
,25,2,46,female,7,high,NO,46-55,64,Loyal
9,225,3,34,female,10,medium,YES,,11,NonLoyal
3,250,4,44,male,10,medium,YES,36-45,6,NonLoyal
1,175,10,64,male,2,high,YES,56-65,40,NonLoyal
8,250,2,66,,6,low,NO,66-70,22,NonLoyal
1,200,8,38,female,1,high,YES,36-45,44,NonLoyal
7,,9,29,female,,low,NO,26-35,92,Loyal
3,225,4,32,female,8,high,YES,26-35,17,NonLoyal
4,200,9,21,male,10,medium,YES,18-25,15,NonLoyal
7,225,7,55,,7,high,NO,46-55,19,NonLoyal
5,200,8,50,male,,medium,NO,46-55,52,NonLoyal
7,200,7,,male,6,low,NO,56-65,40,NonLoyal
1,,7,31,male,1,high,YES,26-35,86,Loyal
2,200,1,62,female,8,,NO,56-65,26,NonLoyal
5,100,3,64,male,6,high,NO,56-65,49,NonLoyal
6,250,,59,female,2,medium,NO,56-65,40,NonLoyal
2,175,10,66,male,,low,YES,66-70,49,NonLoyal
3,150,8,36,female,1,high,YES,36-45,53,NonLoyal
6,250,6,28,male,7,medium,NO,,23,NonLoyal
6,100,10,,female,1,,YES,,70,Loyal
5,200,9,44,male,8,high,YES,36-45,16,NonLoyal
2,225,1,46,female,5,low,YES,46-55,31,NonLoyal
10,250,10,41,,2,high,NO,36-45,34,NonLoyal
7,25,3,51,female,6,low,NO,46-55,66,Loyal
10,75,7,34,,9,high,NO,,44,NonLoyal
10,150,7,22,male,8,low,NO,18-25,37,NonLoyal
,125,8,59,male,8,medium,YES,56-65,31,NonLoyal
6,225,10,22,male,,medium,YES,,48,NonLoyal
7,225,5,63,male,8,medium,NO,56-65,18,NonLoyal
5,,1,64,male,7,low,NO,56-65,69,Loyal
4,125,10,55,female,8,high,NO,46-55,30,NonLoyal
10,75,,52,male,10,high,NO,46-55,45,NonLoyal
7,25,7,19,male,,high,NO,18-25,90,Loyal
10,,3,51,female,,medium,NO,46-55,93,Loyal
3,250,8,,female,10,high,NO,56-65,11,NonLoyal
7,125,9,47,male,9,,NO,46-55,32,NonLoyal
4,125,9,66,male,9,low,NO,66-70,30,NonLoyal
7,250,1,,female,4,medium,YES,56-65,39,NonLoyal
3,50,3,23,male,7,medium,YES,18-25,62,Loyal
8,250,3,22,female,3,medium,YES,18-25,36,NonLoyal
5,175,2,58,male,1,low,YES,56-65,54,NonLoyal
10,25,6,55,male,1,medium,YES,46-55,80,Loyal
10,25,2,25,male,3,high,NO,18-25,83,Loyal
4,175,7,45,female,,medium,NO,,59,NonLoyal
3,225,,24,male,0,high,YES,18-25,55,NonLoyal
5,25,2,20,male,5,,NO,,79,Loyal
8,,10,26,male,2,medium,YES,26-35,82,Loyal
5,150,8,26,male,6,,NO,26-35,44,NonLoyal
3,175,,61,male,0,low,YES,56-65,59,NonLoyal
3,250,10,23,female,0,low,YES,,41,NonLoyal
3,,,60,female,2,high,NO,,85,Loyal
1,150,8,61,,3,high,YES,56-65,43,NonLoyal
6,125,1,67,female,6,low,YES,66-70,41,NonLoyal
4,250,10,49,female,5,high,YES,46-55,15,NonLoyal
10,,4,31,male,3,low,YES,26-35,84,Loyal
7,150,5,38,female,3,medium,YES,36-45,51,NonLoyal
8,250,10,57,male,1,medium,YES,,31,NonLoyal
3,100,1,,male,6,high,YES,18-25,58,NonLoyal
5,100,3,44,female,4,,NO,36-45,62,Loyal
1,125,4,67,male,8,medium,NO,66-70,37,NonLoyal
3,250,7,28,male,10,low,NO,26-35,10,NonLoyal
,150,9,,male,6,low,NO,,49,NonLoyal
1,,,33,female,,low,YES,26-35,98,Loyal
1,150,,55,female,2,medium,YES,46-55,57,NonLoyal
10,25,7,37,female,8,medium,YES,36-45,53,NonLoyal
9,125,5,54,female,1,low,NO,46-55,63,Loyal
5,250,5,52,female,2,medium,NO,46-55,36,NonLoyal
8,150,5,18,male,10,high,NO,,31,NonLoyal
7,50,6,51,,4,low,YES,46-55,65,Loyal
1,225,,51,male,7,high,YES,46-55,23,NonLoyal
7,150,1,,male,1,,YES,26-35,71,Loyal
6,50,3,18,,9,high,NO,,56,NonLoyal
5,50,6,53,female,6,high,YES,46-55,52,NonLoyal
3,150,5,62,female,0,high,YES,56-65,56,NonLoyal
4,250,1,60,male,10,low,YES,56-65,6,NonLoyal
4,125,,68,male,10,,YES,66-70,28,NonLoyal
5,250,2,54,male,10,high,YES,46-55,4,NonLoyal
4,100,10,22,female,8,high,YES,18-25,37,NonLoyal
1,50,3,37,female,9,high,YES,36-45,46,NonLoyal
6,,,60,female,2,medium,NO,56-65,87,Loyal
10,25,8,29,male,1,high,NO,26-35,85,Loyal
6,25,9,46,female,3,,NO,46-55,73,Loyal
2,100,7,52,female,3,,YES,46-55,56,NonLoyal
10,200,8,47,female,1,medium,NO,46-55,47,NonLoyal
3,150,1,,female,10,medium,YES,,34,NonLoyal
4,75,5,63,male,,high,YES,56-65,72,Loyal
1,225,9,50,male,,medium,NO,46-55,47,NonLoyal
1,125,,38,male,4,low,YES,36-45,58,NonLoyal
3,150,9,41,male,6,,YES,36-45,36,NonLoyal
,100,,,female,2,medium,YES,18-25,76,Loyal
5,225,9,60,male,0,medium,NO,56-65,45,NonLoyal
8,50,,27,male,1,low,NO,26-35,89,Loyal
8,100,1,28,female,8,high,YES,26-35,44,NonLoyal
6,250,2,,,9,high,YES,36-45,20,NonLoyal
7,250,5,52,male,4,medium,YES,46-55,27,NonLoyal
10,25,6,19,female,7,medium,NO,18-25,66,Loyal
2,25,9,42,male,0,low,NO,36-45,87,Loyal
9,150,3,22,female,7,high,NO,18-25,42,NonLoyal
,150,5,61,male,5,low,YES,56-65,39,NonLoyal
8,75,3,35,male,1,high,NO,26-35,79,Loyal
1,25,,,,10,low,YES,,61,Loyal
,50,4,44,,4,low,NO,36-45,71,Loyal
3,175,5,24,female,2,high,NO,18-25,54,NonLoyal
1,100,4,,male,0,low,YES,26-35,81,Loyal
4,,4,46,female,3,low,NO,46-55,83,Loyal
10,50,10,,female,0,medium,YES,18-25,83,Loyal
2,200,2,67,male,7,low,YES,66-70,24,NonLoyal
2,50,7,35,female,10,high,NO,26-35,43,NonLoyal
,150,10,64,male,5,low,NO,56-65,39,NonLoyal
8,250,1,,female,4,,YES,,39,NonLoyal
8,125,,64,female,7,high,YES,56-65,37,NonLoyal
4,225,1,32,female,2,,YES,26-35,44,NonLoyal
10,250,7,69,male,2,high,YES,66-70,27,NonLoyal
3,100,7,28,female,9,low,YES,26-35,36,NonLoyal
9,250,1,30,,6,high,NO,26-35,28,NonLoyal
8,250,2,23,male,9,medium,NO,18-25,19,NonLoyal
9,50,3,43,male,6,low,NO,36-45,64,Loyal
,175,1,49,female,9,medium,YES,46-55,24,NonLoyal
4,150,1,,female,5,,NO,66-70,59,NonLoyal
,50,,52,female,0,low,YES,46-55,83,Loyal
9,200,4,42,male,,low,NO,36-45,58,NonLoyal
3,175,7,21,female,,low,NO,18-25,62,Loyal
10,100,4,19,male,1,medium,YES,18-25,74,Loyal
5,75,8,31,,10,medium,YES,26-35,38,NonLoyal
5,200,3,59,male,7,high,NO,56-65,27,NonLoyal
7,100,6,27,female,5,low,YES,,53,NonLoyal
9,150,4,,female,1,,NO,26-35,69,Loyal
1,25,3,49,male,3,low,YES,46-55,76,Loyal
9,,6,30,male,8,,NO,26-35,66,Loyal
5,175,4,60,female,6,low,NO,56-65,35,NonLoyal
9,200,7,26,female,6,high,NO,26-35,31,NonLoyal
10,175,3,28,male,7,,YES,26-35,36,NonLoyal
5,25,10,24,female,4,low,NO,18-25,72,Loyal
1,200,8,18,male,7,low,NO,,32,NonLoyal
9,25,6,22,female,10,low,NO,18-25,53,NonLoyal
1,225,4,,female,9,medium,YES,56-65,21,NonLoyal
8,125,,34,female,4,low,YES,26-35,57,NonLoyal
1,150,7,58,male,10,low,NO,56-65,23,NonLoyal
3,200,5,,male,0,medium,YES,36-45,61,Loyal
8,200,9,24,female,5,high,NO,,34,NonLoyal
10,200,6,51,male,1,low,YES,,47,NonLoyal
10,75,1,25,male,2,medium,NO,18-25,82,Loyal
1,225,4,65,male,1,low,NO,56-65,45,NonLoyal
5,,3,18,female,0,,NO,,100,Loyal
5,,2,60,female,5,high,NO,56-65,72,Loyal
,175,5,20,female,,,NO,18-25,64,Loyal
1,250,8,19,male,7,low,YES,18-25,19,NonLoyal
1,,5,44,female,4,high,YES,36-45,72,Loyal
9,75,9,35,male,8,medium,YES,26-35,45,NonLoyal
6,,6,35,female,9,medium,YES,26-35,56,NonLoyal
6,,5,51,male,2,medium,YES,,82,Loyal
6,225,1,23,male,5,low,NO,18-25,40,NonLoyal
7,25,9,35,female,8,high,NO,26-35,55,NonLoyal
,,2,48,male,5,low,YES,46-55,74,Loyal
9,225,7,65,,6,high,NO,56-65,21,NonLoyal
,50,6,66,male,6,,NO,,58,NonLoyal
3,175,8,19,male,10,medium,NO,18-25,26,NonLoyal
10,50,2,59,male,6,,NO,56-65,61,Loyal
1,175,4,24,female,8,low,NO,18-25,34,NonLoyal
,75,5,18,female,9,low,YES,,45,NonLoyal
5,225,1,45,female,5,medium,NO,36-45,34,NonLoyal
6,175,9,23,female,5,low,NO,18-25,40,NonLoyal
6,175,3,28,male,5,high,YES,26-35,42,NonLoyal
8,225,7,35,female,0,medium,,26-35,50,NonLoyal
5,25,10,68,male,0,low,,66-70,80,Loyal
5,200,7,66,male,2,high,YES,66-70,37,NonLoyal
7,200,4,34,male,9,medium,YES,26-35,21,NonLoyal
8,175,9,50,female,10,high,YES,,10,NonLoyal
10,125,4,57,male,5,low,NO,56-65,52,NonLoyal
1,100,8,23,male,,medium,NO,18-25,77,Loyal
2,175,2,22,,9,high,NO,18-25,32,NonLoyal
4,200,10,50,female,10,,NO,46-55,10,NonLoyal
1,200,,42,female,9,low,YES,36-45,22,NonLoyal
1,150,3,44,,5,medium,NO,36-45,49,NonLoyal
,225,5,,female,0,low,NO,26-35,59,NonLoyal
10,250,9,25,male,,,NO,18-25,48,NonLoyal
2,,8,56,,0,,YES,56-65,87,Loyal
7,75,,37,female,1,low,NO,36-45,81,Loyal
6,125,4,39,,3,high,YES,,55,NonLoyal
2,75,9,36,female,5,medium,YES,36-45,53,NonLoyal
8,250,10,31,female,4,low,YES,26-35,24,NonLoyal
6,125,7,24,female,2,medium,NO,18-25,63,Loyal
5,250,10,50,,6,medium,NO,46-55,18,NonLoyal
2,175,7,61,female,4,high,YES,56-65,33,NonLoyal
10,200,,46,female,7,,NO,46-55,32,NonLoyal
8,100,5,36,male,10,medium,NO,36-45,39,NonLoyal
10,50,5,47,female,3,,YES,46-55,68,Loyal
3,50,,43,male,0,high,NO,36-45,90,Loyal
,200,5,19,,1,low,NO,18-25,58,NonLoyal
3,,1,35,female,8,low,YES,26-35,64,Loyal
,225,8,21,female,7,low,NO,18-25,25,NonLoyal
5,200,5,22,male,8,high,NO,18-25,28,NonLoyal
,250,,64,male,3,medium,NO,56-65,36,NonLoyal
2,75,4,54,female,6,high,YES,46-55,50,NonLoyal
6,250,9,60,male,6,low,YES,,14,NonLoyal
1,125,2,45,,10,high,YES,36-45,30,NonLoyal
4,250,6,49,male,,low,YES,46-55,41,NonLoyal
3,100,1,53,,5,,YES,,55,NonLoyal
8,75,2,66,male,,,NO,66-70,80,Loyal
2,250,9,,,3,medium,NO,26-35,40,NonLoyal
10,150,9,,male,7,medium,YES,46-55,39,NonLoyal
,50,6,48,male,,low,YES,46-55,80,Loyal
7,100,8,,male,5,medium,YES,,59,NonLoyal
7,225,1,50,male,8,high,NO,46-55,22,NonLoyal
6,125,4,25,female,7,medium,YES,18-25,43,NonLoyal
7,250,6,40,male,6,high,YES,36-45,18,NonLoyal
1,150,5,61,female,2,low,NO,56-65,53,NonLoyal
3,125,4,42,male,10,high,NO,36-45,32,NonLoyal
4,150,1,35,male,7,medium,YES,26-35,41,NonLoyal
,50,3,20,,9,high,YES,18-25,52,NonLoyal
5,250,6,20,female,7,low,YES,18-25,18,NonLoyal
,25,10,45,male,5,medium,NO,36-45,66,Loyal
3,225,,44,female,10,high,YES,36-45,11,NonLoyal
10,,7,18,female,0,low,YES,,92,Loyal
2,100,4,39,female,0,high,YES,36-45,70,Loyal
3,100,1,,male,0,medium,YES,56-65,85,Loyal
2,,3,38,female,3,medium,NO,36-45,85,Loyal
9,125,8,18,female,5,low,NO,,52,NonLoyal
8,50,8,46,female,,medium,YES,46-55,77,Loyal
3,125,,18,male,6,low,YES,,54,NonLoyal
4,150,8,59,female,5,medium,YES,56-65,35,NonLoyal
10,225,4,43,,3,medium,YES,36-45,39,NonLoyal
1,175,5,26,female,8,low,NO,,32,NonLoyal
9,250,1,55,male,0,medium,YES,46-55,45,NonLoyal
8,250,6,,female,7,medium,YES,18-25,22,NonLoyal
10,125,6,29,female,8,medium,YES,26-35,36,NonLoyal
5,250,8,19,female,6,low,NO,18-25,26,NonLoyal
1,175,5,49,,2,high,NO,46-55,51,NonLoyal
3,75,6,65,male,7,low,NO,56-65,48,NonLoyal
6,225,3,60,female,3,medium,NO,56-65,38,NonLoyal
,75,5,37,,6,,NO,36-45,58,NonLoyal
6,250,3,62,female,5,high,YES,56-65,19,NonLoyal
7,100,5,25,female,2,,YES,18-25,67,Loyal
10,175,1,42,male,4,low,NO,36-45,50,NonLoyal
2,,8,56,female,7,medium,NO,56-65,61,Loyal
5,250,,62,,10,low,YES,56-65,6,NonLoyal
7,250,8,46,male,8,low,NO,46-55,13,NonLoyal
8,125,6,,female,8,medium,YES,46-55,42,NonLoyal
10,25,7,45,,2,high,NO,36-45,78,Loyal
1,250,,50,female,10,medium,NO,46-55,12,NonLoyal
,75,1,54,,3,low,NO,46-55,71,Loyal
7,25,7,46,male,4,,NO,46-55,72,Loyal
1,200,,59,female,6,medium,NO,56-65,34,NonLoyal
7,125,6,58,male,5,high,NO,56-65,46,NonLoyal
4,125,6,30,male,5,low,NO,26-35,54,NonLoyal
,175,3,69,male,1,low,NO,66-70,55,NonLoyal
6,150,10,30,,4,low,YES,26-35,45,NonLoyal
4,175,,56,,5,high,YES,56-65,39,NonLoyal
9,100,3,47,male,2,medium,NO,46-55,68,Loyal
5,100,9,68,female,6,medium,NO,66-70,42,NonLoyal
1,50,10,19,female,5,low,NO,18-25,65,Loyal
3,250,,57,female,8,low,NO,56-65,16,NonLoyal
,125,4,69,male,,high,NO,66-70,65,Loyal
7,125,9,44,male,9,,NO,36-45,33,NonLoyal
1,225,2,20,male,2,medium,NO,18-25,52,NonLoyal
10,,,63,female,6,high,NO,56-65,70,Loyal
10,25,,27,male,4,high,YES,26-35,77,Loyal
2,75,9,67,male,9,low,YES,66-70,34,NonLoyal
3,200,,59,male,2,medium,NO,56-65,51,NonLoyal
1,225,7,51,male,,high,NO,46-55,46,NonLoyal
6,150,8,43,female,9,,NO,,27,NonLoyal
1,,2,44,,4,high,YES,36-45,78,Loyal
10,225,4,34,female,5,high,YES,26-35,27,NonLoyal
1,175,1,42,female,,high,NO,36-45,62,Loyal
6,75,8,26,male,2,high,NO,26-35,71,Loyal
3,100,7,,male,6,high,YES,,54,NonLoyal
9,225,,55,female,3,low,NO,,43,NonLoyal
5,50,10,32,male,0,low,YES,26-35,79,Loyal
6,175,6,43,male,1,medium,NO,,56,NonLoyal
5,225,4,35,female,7,medium,YES,,22,NonLoyal
10,,7,55,male,6,high,NO,46-55,66,Loyal
4,75,2,45,female,10,low,NO,,43,NonLoyal
3,175,2,18,,3,low,NO,,58,NonLoyal
2,75,,58,male,10,high,YES,56-65,39,NonLoyal
4,75,3,55,male,10,low,YES,46-55,38,NonLoyal
8,225,7,59,,5,high,YES,,22,NonLoyal
3,75,7,65,male,5,high,YES,56-65,51,NonLoyal
5,200,5,53,,2,high,YES,46-55,43,NonLoyal
6,75,5,40,male,6,high,NO,36-45,56,NonLoyal
,150,,31,female,0,low,NO,26-35,72,Loyal
2,100,3,49,,,high,YES,46-55,71,Loyal
1,250,1,27,female,9,medium,NO,26-35,16,NonLoyal
8,,6,53,male,6,medium,NO,46-55,69,Loyal
1,150,1,66,female,2,low,NO,66-70,56,NonLoyal
1,100,,29,male,4,high,NO,26-35,66,Loyal
4,50,8,50,,6,high,NO,46-55,55,NonLoyal
1,225,10,66,,3,low,NO,66-70,32,NonLoyal
7,100,9,50,female,,medium,YES,46-55,65,Loyal
1,125,3,34,female,10,low,NO,26-35,35,NonLoyal
5,50,1,19,female,10,high,NO,18-25,52,NonLoyal
,225,8,58,male,7,medium,YES,56-65,15,NonLoyal
8,100,1,26,male,,,YES,26-35,80,Loyal
7,,2,40,female,,high,YES,36-45,91,Loyal
9,200,8,61,female,1,high,NO,56-65,43,NonLoyal
,150,5,36,female,4,low,YES,36-45,47,NonLoyal
10,175,3,61,male,2,medium,YES,56-65,49,NonLoyal
1,,9,54,male,6,low,NO,46-55,66,Loyal
8,200,6,,female,2,high,YES,66-70,49,NonLoyal
,75,1,49,male,3,high,NO,46-55,72,Loyal
7,50,,44,male,2,medium,NO,36-45,82,Loyal
8,25,9,29,male,6,medium,YES,26-35,62,Loyal
4,25,2,42,female,2,medium,NO,36-45,84,Loyal
5,175,6,54,female,2,low,NO,46-55,49,NonLoyal
4,25,8,56,female,0,medium,NO,56-65,84,Loyal
6,200,1,31,male,10,,YES,26-35,21,NonLoyal
7,,8,26,female,6,medium,YES,26-35,66,Loyal
10,75,9,63,female,3,,NO,,60,NonLoyal
7,75,10,46,female,4,high,YES,46-55,52,NonLoyal
10,225,9,26,male,3,medium,NO,26-35,40,NonLoyal
10,225,8,28,female,6,high,NO,26-35,25,NonLoyal
,75,1,29,male,6,,YES,,61,Loyal
,175,4,48,,5,medium,NO,46-55,42,NonLoyal
10,200,3,57,male,2,low,YES,56-65,44,NonLoyal
7,,,51,female,3,low,YES,,83,Loyal
2,75,3,45,female,3,high,NO,36-45,66,Loyal
9,,3,35,female,8,medium,NO,26-35,67,Loyal
,225,3,39,female,2,low,NO,36-45,47,NonLoyal
10,100,,32,female,10,high,NO,26-35,40,NonLoyal
9,75,9,69,male,1,low,YES,66-70,65,Loyal
9,50,,54,male,7,high,NO,,59,NonLoyal
2,,4,60,female,5,high,NO,56-65,70,Loyal
,25,7,20,male,6,medium,NO,,70,Loyal
7,50,9,29,,,low,NO,26-35,85,Loyal
,100,10,29,female,4,high,YES,26-35,51,NonLoyal
5,75,8,21,female,5,low,NO,18-25,62,Loyal
6,,3,,male,1,high,YES,18-25,96,Loyal
9,100,7,40,male,2,high,YES,36-45,60,NonLoyal
6,150,10,29,,,high,NO,,62,Loyal
1,150,10,39,male,,high,NO,36-45,61,Loyal
2,75,8,26,,4,low,YES,,61,Loyal
3,200,6,64,female,3,high,NO,56-65,37,NonLoyal
,175,1,58,male,,low,YES,56-65,59,NonLoyal
2,100,10,58,male,4,low,YES,56-65,50,NonLoyal
2,200,3,33,female,6,medium,YES,26-35,32,NonLoyal
9,50,9,48,male,7,low,YES,46-55,52,NonLoyal
2,125,9,35,male,,,NO,26-35,69,Loyal
5,75,8,25,,9,low,YES,18-25,43,NonLoyal
5,250,,,male,9,,YES,66-70,22,NonLoyal
4,150,6,49,male,5,high,YES,46-55,40,NonLoyal
4,150,8,68,female,7,low,YES,66-70,27,NonLoyal
9,175,7,38,male,8,low,NO,36-45,30,NonLoyal
10,175,9,22,male,1,medium,NO,18-25,58,NonLoyal
7,175,3,36,,6,low,NO,36-45,42,NonLoyal
2,100,6,38,male,6,low,NO,36-45,53,NonLoyal
6,50,,,male,8,medium,NO,,68,Loyal
10,250,2,,,1,low,NO,46-55,55,NonLoyal
7,175,10,56,female,5,high,NO,56-65,32,NonLoyal
1,25,9,67,female,8,high,NO,,47,NonLoyal
5,25,8,27,male,1,medium,NO,26-35,87,Loyal
10,125,2,67,male,5,low,YES,66-70,47,NonLoyal
8,50,7,27,male,1,high,YES,26-35,77,Loyal
,75,8,39,female,5,high,NO,36-45,55,NonLoyal
8,25,2,55,male,,low,YES,46-55,87,Loyal
8,50,4,25,male,0,medium,NO,18-25,90,Loyal
9,25,8,33,female,5,,YES,26-35,66,Loyal
1,75,7,37,female,,low,NO,36-45,78,Loyal
7,200,5,64,female,10,,NO,56-65,14,NonLoyal
6,250,9,41,female,6,medium,YES,,15,NonLoyal
3,250,3,50,male,6,high,YES,46-55,19,NonLoyal
8,150,5,67,male,8,medium,NO,66-70,31,NonLoyal
8,25,1,53,female,2,high,NO,46-55,81,Loyal
8,50,,39,,10,low,NO,36-45,53,NonLoyal
5,50,8,55,female,6,low,YES,46-55,52,NonLoyal
7,200,3,,male,5,medium,NO,18-25,48,NonLoyal
3,200,3,23,male,7,,YES,18-25,32,NonLoyal
4,,9,68,female,1,medium,NO,66-70,80,Loyal
5,,,35,female,4,low,NO,26-35,84,Loyal
1,150,8,40,female,,medium,YES,36-45,58,NonLoyal
9,125,2,37,female,10,,NO,36-45,35,NonLoyal
9,250,10,,female,6,low,YES,18-25,22,NonLoyal
3,100,8,18,male,10,,YES,,36,NonLoyal
1,150,7,25,female,0,high,NO,18-25,64,Loyal
7,25,2,24,female,10,high,YES,18-25,51,NonLoyal
1,125,10,,female,6,high,YES,26-35,45,NonLoyal
3,150,1,24,male,9,low,YES,18-25,35,NonLoyal
6,250,9,29,male,8,,YES,26-35,12,NonLoyal
7,125,,23,male,2,low,NO,18-25,72,Loyal
,25,10,18,male,4,medium,NO,,77,Loyal
9,,4,44,female,2,medium,YES,36-45,83,Loyal
9,25,9,36,female,2,high,YES,36-45,73,Loyal
2,25,4,49,female,,medium,NO,46-55,88,Loyal
,100,6,63,male,6,high,YES,56-65,42,NonLoyal
3,,8,30,,0,high,YES,26-35,89,Loyal
3,100,4,56,female,6,high,NO,56-65,47,NonLoyal
9,175,10,39,female,4,medium,YES,36-45,38,NonLoyal
5,225,8,34,female,0,high,NO,26-35,47,NonLoyal
10,175,,35,male,3,medium,YES,26-35,53,NonLoyal
,200,9,58,male,0,low,YES,56-65,46,NonLoyal
8,25,2,31,female,1,medium,YES,26-35,86,Loyal
8,50,7,,male,5,medium,NO,26-35,73,Loyal
4,225,3,62,female,5,medium,NO,56-65,30,NonLoyal
10,125,1,52,male,0,low,NO,46-55,74,Loyal
,125,5,23,,3,high,YES,18-25,58,NonLoyal
2,150,,40,female,4,high,NO,36-45,53,NonLoyal
10,,3,51,female,2,high,NO,46-55,84,Loyal
7,175,2,66,male,0,low,NO,66-70,60,NonLoyal
5,25,3,57,male,5,high,NO,56-65,69,Loyal
7,200,10,45,male,8,low,NO,36-45,21,NonLoyal
10,150,2,34,female,7,,NO,26-35,42,NonLoyal
1,100,5,,male,7,high,YES,56-65,52,NonLoyal
2,225,1,29,male,,low,NO,26-35,59,NonLoyal
10,175,8,54,male,10,low,NO,46-55,20,NonLoyal
10,200,1,27,male,,high,NO,26-35,62,Loyal
1,200,1,,male,7,medium,YES,,38,NonLoyal
4,150,7,48,male,0,medium,YES,46-55,60,NonLoyal
,75,4,69,male,9,low,NO,66-70,42,NonLoyal
,150,4,41,male,,low,NO,36-45,68,Loyal
8,25,9,39,female,0,high,NO,36-45,84,Loyal
3,50,4,65,female,6,low,NO,56-65,57,NonLoyal
6,50,5,48,female,8,,YES,46-55,48,NonLoyal
5,,3,40,male,7,high,NO,36-45,69,Loyal
8,150,3,26,male,1,,NO,26-35,68,Loyal
,50,2,30,male,,,NO,26-35,91,Loyal
,250,10,61,male,7,high,NO,56-65,10,NonLoyal
1,225,6,64,,6,low,NO,56-65,24,NonLoyal
3,50,5,26,male,4,medium,YES,26-35,71,Loyal
9,225,7,54,female,6,low,NO,46-55,23,NonLoyal
9,225,1,27,female,8,,NO,26-35,26,NonLoyal
9,100,4,23,male,,,NO,18-25,80,Loyal
7,200,10,56,male,9,high,NO,,13,NonLoyal
,225,2,49,male,10,,NO,46-55,15,NonLoyal
6,,2,24,female,4,medium,NO,,86,Loyal
8,25,4,69,female,8,low,NO,66-70,53,NonLoyal
5,250,2,53,male,,low,NO,,48,NonLoyal
10,125,1,,female,9,low,YES,18-25,42,NonLoyal
7,250,5,47,female,3,low,NO,46-55,33,NonLoyal
3,225,7,34,female,0,low,YES,26-35,46,NonLoyal
6,200,1,,male,4,low,NO,46-55,54,NonLoyal
3,225,3,61,female,0,high,YES,56-65,43,NonLoyal
9,200,1,59,male,2,high,YES,56-65,46,NonLoyal
10,75,5,59,male,3,high,NO,56-65,64,Loyal
4,25,1,28,female,9,high,NO,26-35,59,NonLoyal
6,150,8,,male,0,,NO,18-25,72,Loyal
1,250,6,63,female,7,low,NO,56-65,15,NonLoyal
6,175,9,49,male,5,medium,YES,46-55,33,NonLoyal
8,125,7,51,female,5,low,NO,,46,NonLoyal
6,150,,39,male,4,low,YES,,53,NonLoyal
2,225,2,25,female,9,medium,YES,18-25,18,NonLoyal
3,225,4,61,male,6,medium,YES,56-65,23,NonLoyal
5,25,3,39,female,0,medium,YES,,87,Loyal
1,200,2,42,female,6,low,YES,36-45,31,NonLoyal
4,25,8,41,,7,high,NO,36-45,59,NonLoyal
2,100,5,44,,9,high,NO,,39,NonLoyal
9,200,8,41,male,7,low,YES,36-45,22,NonLoyal
5,,8,49,female,1,high,YES,46-55,80,Loyal
6,50,5,56,male,4,low,NO,56-65,68,Loyal
8,50,4,35,,0,medium,NO,26-35,88,Loyal
10,250,10,65,male,2,low,YES,56-65,27,NonLoyal
10,175,8,63,female,10,,NO,,14,NonLoyal
9,175,10,29,male,1,high,YES,26-35,50,NonLoyal
6,,3,53,female,,medium,NO,46-55,95,Loyal
5,125,7,23,male,8,medium,NO,18-25,43,NonLoyal
4,,3,21,female,0,low,YES,18-25,95,Loyal
5,50,1,43,male,3,medium,YES,36-45,73,Loyal
,200,3,53,female,1,medium,NO,,51,NonLoyal
4,75,3,56,female,6,high,NO,56-65,53,NonLoyal
1,50,,18,male,,low,NO,,95,Loyal
5,,8,,female,10,high,YES,26-35,55,NonLoyal
4,225,3,25,male,0,,NO,18-25,58,NonLoyal
,250,2,46,female,0,medium,NO,46-55,47,NonLoyal
8,,10,66,male,3,medium,YES,66-70,71,Loyal
8,100,3,20,male,7,low,YES,18-25,53,NonLoyal
5,100,4,,female,9,low,YES,26-35,45,NonLoyal
6,150,8,45,female,,low,NO,36-45,62,Loyal
2,225,10,26,male,0,low,NO,26-35,50,NonLoyal
4,,6,64,female,1,low,YES,56-65,80,Loyal
6,25,1,67,male,9,medium,YES,66-70,52,NonLoyal
2,100,3,63,female,3,medium,YES,56-65,56,NonLoyal
3,175,2,57,male,4,high,YES,56-65,41,NonLoyal
10,,5,66,male,8,,NO,,60,NonLoyal
10,200,8,43,male,8,high,NO,36-45,23,NonLoyal
8,50,8,,female,3,low,YES,,74,Loyal
4,100,4,39,female,2,high,YES,36-45,64,Loyal
9,150,2,25,male,9,,YES,18-25,35,NonLoyal
8,250,,22,female,10,medium,NO,18-25,16,NonLoyal
4,75,7,34,male,10,high,NO,,40,NonLoyal
2,125,2,54,male,8,low,NO,46-55,42,NonLoyal
8,75,5,40,male,8,,YES,36-45,47,NonLoyal
3,225,10,31,male,9,low,NO,26-35,15,NonLoyal
,175,3,66,male,6,high,YES,66-70,31,NonLoyal
7,150,7,52,male,,high,YES,46-55,57,NonLoyal
3,50,1,37,male,6,medium,NO,36-45,67,Loyal
7,100,6,55,male,5,high,NO,,52,NonLoyal
6,225,4,32,female,4,low,YES,26-35,33,NonLoyal
3,175,9,66,male,0,low,YES,66-70,50,NonLoyal
10,125,6,61,male,8,low,NO,56-65,36,NonLoyal
5,150,6,60,female,2,high,NO,56-65,52,NonLoyal
3,75,9,28,female,2,high,NO,26-35,70,Loyal
1,25,7,,male,9,medium,YES,36-45,58,NonLoyal
6,200,,38,male,6,low,YES,36-45,36,NonLoyal
9,200,4,22,female,3,high,YES,,43,NonLoyal
9,75,,,female,5,high,NO,46-55,71,Loyal
5,100,2,69,female,2,low,YES,,61,Loyal
2,225,1,67,male,4,low,NO,66-70,35,NonLoyal
1,,,69,female,8,,YES,66-70,58,NonLoyal
2,175,8,,male,9,medium,YES,,28,NonLoyal
5,25,7,21,male,10,high,NO,18-25,53,NonLoyal
,175,10,24,female,7,medium,NO,18-25,32,NonLoyal
3,175,5,53,,3,medium,NO,46-55,49,NonLoyal
,75,8,39,male,8,high,YES,,43,NonLoyal
7,50,2,62,male,6,low,NO,56-65,61,Loyal
,100,10,59,female,0,medium,YES,56-65,62,Loyal
,50,2,,male,7,medium,NO,46-55,70,Loyal
9,,2,45,,7,high,NO,36-45,70,Loyal
10,250,7,,female,0,high,NO,36-45,50,NonLoyal
7,25,10,42,male,3,high,YES,36-45,69,Loyal
,175,8,34,female,1,medium,YES,26-35,51,NonLoyal
3,175,3,32,male,6,,YES,26-35,38,NonLoyal
2,175,5,44,male,9,medium,YES,36-45,25,NonLoyal
6,175,6,58,male,7,low,NO,56-65,31,NonLoyal
8,100,4,32,male,6,high,YES,26-35,52,NonLoyal
5,175,9,44,male,1,medium,YES,36-45,48,NonLoyal
8,25,10,42,male,0,medium,YES,36-45,82,Loyal
3,250,9,36,male,10,low,YES,36-45,2,NonLoyal
9,175,8,40,male,7,low,YES,36-45,29,NonLoyal
8,75,3,19,female,,medium,NO,18-25,86,Loyal
10,250,2,31,female,7,low,YES,26-35,20,NonLoyal
2,100,2,19,male,3,low,NO,18-25,72,Loyal
8,75,4,50,,9,low,NO,46-55,45,NonLoyal
4,150,9,27,female,7,medium,YES,26-35,35,NonLoyal
7,75,4,42,female,4,,NO,36-45,65,Loyal
9,250,2,38,male,,medium,NO,36-45,51,NonLoyal
5,125,4,,female,9,low,NO,26-35,44,NonLoyal
10,50,8,53,male,9,low,YES,46-55,43,NonLoyal
2,100,5,44,female,7,,NO,36-45,46,NonLoyal
4,200,,31,male,6,low,YES,26-35,37,NonLoyal
2,225,1,30,male,10,low,NO,26-35,21,NonLoyal
5,125,9,47,,6,low,NO,,44,NonLoyal
,175,9,,male,9,low,YES,36-45,29,NonLoyal
10,25,,21,female,9,medium,NO,18-25,63,Loyal
3,,,22,male,7,high,YES,18-25,72,Loyal
1,50,4,57,male,4,,NO,56-65,69,Loyal
,225,4,55,female,0,,NO,46-55,48,NonLoyal
7,25,9,37,female,3,medium,NO,,75,Loyal
1,25,3,41,female,0,high,NO,36-45,89,Loyal
3,,3,27,female,3,low,YES,26-35,83,Loyal
5,50,5,67,female,8,low,NO,66-70,48,NonLoyal
8,150,2,41,male,10,high,YES,,25,NonLoyal
4,25,1,27,male,5,medium,YES,26-35,74,Loyal
1,225,,28,male,0,medium,NO,26-35,60,NonLoyal
10,225,9,55,female,8,medium,YES,46-55,10,NonLoyal
9,100,5,44,male,0,high,NO,36-45,74,Loyal
1,250,9,27,male,9,,NO,26-35,11,NonLoyal
1,175,1,67,male,,high,NO,66-70,59,NonLoyal
6,250,8,30,male,2,medium,NO,26-35,39,NonLoyal
2,150,2,65,female,1,high,YES,56-65,53,NonLoyal
7,50,5,29,male,10,low,YES,26-35,47,NonLoyal
,175,4,57,male,5,,YES,56-65,37,NonLoyal
4,100,1,69,female,4,low,YES,66-70,55,NonLoyal
3,,5,47,male,9,high,NO,46-55,59,NonLoyal
9,225,1,35,,6,low,NO,26-35,35,NonLoyal
3,125,,37,female,9,medium,NO,36-45,41,NonLoyal
7,75,2,51,male,1,low,NO,46-55,79,Loyal
3,75,5,33,female,2,low,NO,,74,Loyal
9,75,8,31,female,4,medium,NO,26-35,64,Loyal
5,200,1,28,,0,high,YES,26-35,58,NonLoyal
10,250,4,,female,7,medium,NO,56-65,28,NonLoyal
2,150,,27,female,5,,YES,26-35,49,NonLoyal
3,175,3,25,female,7,low,YES,18-25,34,NonLoyal
,250,1,56,,6,high,YES,56-65,20,NonLoyal
,100,9,35,male,,medium,YES,26-35,71,Loyal
10,125,3,55,female,2,high,YES,46-55,56,NonLoyal
6,150,1,59,male,3,high,YES,56-65,50,NonLoyal
4,200,9,61,male,,low,NO,56-65,49,NonLoyal
,200,8,62,male,2,low,YES,56-65,40,NonLoyal
8,175,4,55,female,5,low,YES,46-55,35,NonLoyal
9,250,,38,male,,medium,NO,36-45,53,NonLoyal
5,,2,52,female,1,low,NO,46-55,91,Loyal
1,200,3,53,female,0,high,YES,46-55,49,NonLoyal
7,,8,40,male,10,medium,NO,36-45,55,NonLoyal
2,25,2,29,female,5,low,NO,26-35,75,Loyal
5,200,6,,female,2,medium,NO,,54,NonLoyal
4,,,44,male,7,low,YES,36-45,69,Loyal
1,,4,44,male,7,medium,YES,,66,Loyal
9,,3,61,male,5,low,NO,56-65,74,Loyal
7,100,,55,female,6,low,NO,46-55,54,NonLoyal
4,225,4,20,male,4,high,NO,18-25,40,NonLoyal
9,75,6,34,female,5,medium,NO,26-35,61,Loyal
5,25,7,45,male,2,low,NO,36-45,80,Loyal
4,100,9,57,female,5,,NO,56-65,50,NonLoyal
1,225,3,37,female,7,low,YES,36-45,24,NonLoyal
,100,5,44,male,6,medium,NO,36-45,53,NonLoyal
,225,5,40,male,6,low,YES,36-45,26,NonLoyal
5,125,2,60,male,9,high,NO,56-65,34,NonLoyal
2,225,1,,male,2,high,NO,26-35,54,NonLoyal
5,150,10,44,male,9,medium,YES,36-45,23,NonLoyal
3,50,2,32,female,,medium,NO,26-35,89,Loyal
1,150,6,53,female,9,medium,NO,46-55,27,NonLoyal
8,175,7,65,,4,medium,NO,56-65,40,NonLoyal
,225,5,,male,7,medium,YES,46-55,30,NonLoyal
3,200,,56,female,5,,YES,56-65,34,NonLoyal
5,75,4,24,female,7,,YES,18-25,53,NonLoyal
5,250,,34,male,5,low,YES,26-35,32,NonLoyal
3,250,8,68,male,0,medium,NO,66-70,39,NonLoyal
6,250,5,47,female,10,high,YES,,0,NonLoyal
4,250,,20,male,5,low,NO,18-25,37,NonLoyal
4,100,1,61,female,1,medium,YES,56-65,67,Loyal
1,225,9,66,male,10,low,YES,66-70,1,NonLoyal
9,100,6,62,female,10,medium,NO,56-65,31,NonLoyal
4,225,7,37,male,5,low,YES,36-45,28,NonLoyal
6,100,1,37,male,8,low,YES,36-45,47,NonLoyal
8,150,9,31,female,4,low,NO,26-35,48,NonLoyal
9,75,5,24,male,7,medium,YES,18-25,55,NonLoyal
1,75,10,,female,,high,YES,18-25,76,Loyal
10,225,10,65,male,10,low,NO,56-65,4,NonLoyal
1,75,8,43,male,6,low,YES,36-45,51,NonLoyal
4,175,5,32,female,1,low,YES,26-35,54,NonLoyal
,175,10,41,female,1,medium,YES,36-45,47,NonLoyal
6,250,3,,male,4,low,NO,66-70,42,NonLoyal
3,50,,43,,,high,YES,36-45,85,Loyal
,250,8,19,male,7,high,NO,18-25,20,NonLoyal
3,250,6,,female,6,medium,NO,,30,NonLoyal
1,200,10,18,male,3,low,NO,,46,NonLoyal
,25,5,37,male,,high,YES,36-45,86,Loyal
9,100,,52,male,1,medium,YES,46-55,71,Loyal
6,50,5,35,,0,high,YES,26-35,81,Loyal
1,50,5,,female,9,low,NO,56-65,57,NonLoyal
3,200,6,21,,0,medium,YES,18-25,57,NonLoyal
,75,10,60,female,9,medium,NO,56-65,37,NonLoyal
10,125,1,24,male,8,medium,NO,18-25,48,NonLoyal
1,100,1,69,male,3,low,NO,66-70,64,Loyal
10,175,4,,female,1,,YES,66-70,62,Loyal
,225,5,32,female,3,high,NO,26-35,40,NonLoyal
5,50,7,29,female,3,medium,NO,,73,Loyal
9,225,3,66,,4,medium,YES,66-70,30,NonLoyal
7,75,4,40,male,8,medium,NO,36-45,53,NonLoyal
5,125,10,59,female,8,high,NO,,29,NonLoyal
1,25,8,57,male,3,medium,NO,56-65,73,Loyal
10,,4,32,female,4,medium,NO,26-35,81,Loyal
10,200,10,49,female,8,medium,NO,46-55,18,NonLoyal
5,175,5,61,male,10,low,NO,56-65,21,NonLoyal
9,100,2,,female,6,high,YES,36-45,57,NonLoyal
7,75,3,34,female,7,high,NO,26-35,54,NonLoyal
8,200,2,102,female,3,,NO,56-65,35,NonLoyal
1,,10,95,female,9,high,YES,26-35,38,NonLoyal
7,125,4,99,male,0,high,YES,46-55,56,NonLoyal